Projekt,Adresse,Link,Träger
Über uns,2019 HASLEHNER,https://www.haslehner.net/leistungen/projekt/,Haslehner
Kontakt,2019 HASLEHNER,https://www.haslehner.net/leistungen/projekt/,Haslehner
© COPYRIGHT 2019 HASLEHNER,2019 HASLEHNER,https://www.haslehner.net/leistungen/projekt/,Haslehner
Elementum Marchtrenk,"Salzburg 8, 2131 München",https://www.haslehner.net/projekte/,Haslehner
Alle Projekte,"Salzburg 8, 2131 München",https://www.haslehner.net/projekte/,Haslehner
Wähle Standort,"Salzburg 8, 2131 München",https://www.haslehner.net/projekte/,Haslehner
Elementum Marchtrenk,"Rotenmühlgasse 56, 1120 Wien",https://www.haslehner.net/projekte/,Haslehner
Elementum Marchtrenk,4614 Marchtrenk,https://www.haslehner.net/projekte/,Haslehner
4614 Marchtrenk,4614 Marchtrenk,https://www.haslehner.net/projekte/,Haslehner
"Silberweiß 25, Amstetten",3300 Amstetten,https://www.haslehner.net/projekte/,Haslehner
3300 Amstetten,3300 Amstetten,https://www.haslehner.net/projekte/,Haslehner
"rmg56 - Rotenmühlgasse 56, 1120 Wien","Rotenmühlgasse 56, 1120 Wien",https://www.haslehner.net/projekte/,Haslehner
1120 Wien,1120 Wien,https://www.haslehner.net/projekte/,Haslehner
Ski & Panorama Living - Saalbach-Hinterglemm,5753 Saalbach-Hinterglemm,https://www.haslehner.net/projekte/,Haslehner
5753 Saalbach-Hinterglemm,5753 Saalbach-Hinterglemm,https://www.haslehner.net/projekte/,Haslehner
"Hüttelbergstraße 73, 1140 Wien","Hüttelbergstraße 73, 1140 Wien",https://www.haslehner.net/projekte/,Haslehner
1140 Wien,1140 Wien,https://www.haslehner.net/projekte/,Haslehner
W4 Wallern a.d.T.,4702 Wallern,https://www.haslehner.net/projekte/,Haslehner
4702 Wallern an der Trattnach,4702 Wallern,https://www.haslehner.net/projekte/,Haslehner
"Martinstraße 86, 1180 Wien","Martinstraße 86, 1180 Wien",https://www.haslehner.net/projekte/,Haslehner
1180 WIEN,1180 WIEN,https://www.haslehner.net/projekte/,Haslehner
Wohnen 4712 2.0 - Michaelnbach,4712 Michaelnbach,https://www.haslehner.net/projekte/,Haslehner
4712 Michaelnbach,4712 Michaelnbach,https://www.haslehner.net/projekte/,Haslehner
"Moserstraße 25C, 5020 Salzburg","Moserstraße 25C, 5020 Salzburg",https://www.haslehner.net/projekte/,Haslehner
5020 Salzburg,5020 Salzburg,https://www.haslehner.net/projekte/,Haslehner
München Stockdorf,2131 München,https://www.haslehner.net/projekte/,Haslehner
82131 München Stockdorf,2131 München,https://www.haslehner.net/projekte/,Haslehner
"Conrad von Hötzendorf-Platz 3A, 2500 Baden","Conrad von Hötzendorf-Platz 3A, 2500 Baden",https://www.haslehner.net/projekte/,Haslehner
2500 BADEN,2500 BADEN,https://www.haslehner.net/projekte/,Haslehner
Käutzlgasse Salzburg,5020 Salzburg,https://www.haslehner.net/projekte/,Haslehner
Über uns,2019 HASLEHNER,https://www.haslehner.net/projekte/,Haslehner
Kontakt,2019 HASLEHNER,https://www.haslehner.net/projekte/,Haslehner
© COPYRIGHT 2019 HASLEHNER,2019 HASLEHNER,https://www.haslehner.net/projekte/,Haslehner
Verfügbare Wohnungen,4712 Michaelnbach,https://www.haslehner.net/projekte/wohnen-4712-20-michaelnbach/,Haslehner
Lage,4712 Michaelnbach,https://www.haslehner.net/projekte/wohnen-4712-20-michaelnbach/,Haslehner
4712 Michaelnbach,4712 Michaelnbach,https://www.haslehner.net/projekte/wohnen-4712-20-michaelnbach/,Haslehner
Ihr Ansprechpartner:,2969 DI,https://www.haslehner.net/projekte/wohnen-4712-20-michaelnbach/,Haslehner
07276/30820-11,2969 DI,https://www.haslehner.net/projekte/wohnen-4712-20-michaelnbach/,Haslehner
Baubegin:,2025 Fertigstellung,https://www.haslehner.net/projekte/wohnen-4712-20-michaelnbach/,Haslehner
Ähnliche Projekte,"Rotenmühlgasse 56, 1120 Wien",https://www.haslehner.net/projekte/wohnen-4712-20-michaelnbach/,Haslehner
Elementum Marchtrenk,"Rotenmühlgasse 56, 1120 Wien",https://www.haslehner.net/projekte/wohnen-4712-20-michaelnbach/,Haslehner
Elementum Marchtrenk,4614 Marchtrenk,https://www.haslehner.net/projekte/wohnen-4712-20-michaelnbach/,Haslehner
4614 Marchtrenk,4614 Marchtrenk,https://www.haslehner.net/projekte/wohnen-4712-20-michaelnbach/,Haslehner
"Silberweiß 25, Amstetten",3300 Amstetten,https://www.haslehner.net/projekte/wohnen-4712-20-michaelnbach/,Haslehner
3300 Amstetten,3300 Amstetten,https://www.haslehner.net/projekte/wohnen-4712-20-michaelnbach/,Haslehner
"rmg56 - Rotenmühlgasse 56, 1120 Wien","Rotenmühlgasse 56, 1120 Wien",https://www.haslehner.net/projekte/wohnen-4712-20-michaelnbach/,Haslehner
1120 Wien,1120 Wien,https://www.haslehner.net/projekte/wohnen-4712-20-michaelnbach/,Haslehner
Ski & Panorama Living - Saalbach-Hinterglemm,5753 Saalbach-Hinterglemm,https://www.haslehner.net/projekte/wohnen-4712-20-michaelnbach/,Haslehner
5753 Saalbach-Hinterglemm,5753 Saalbach-Hinterglemm,https://www.haslehner.net/projekte/wohnen-4712-20-michaelnbach/,Haslehner
"Hüttelbergstraße 73, 1140 Wien","Hüttelbergstraße 73, 1140 Wien",https://www.haslehner.net/projekte/wohnen-4712-20-michaelnbach/,Haslehner
1140 Wien,1140 Wien,https://www.haslehner.net/projekte/wohnen-4712-20-michaelnbach/,Haslehner
W4 Wallern a.d.T.,4702 Wallern,https://www.haslehner.net/projekte/wohnen-4712-20-michaelnbach/,Haslehner
4702 Wallern an der Trattnach,4702 Wallern,https://www.haslehner.net/projekte/wohnen-4712-20-michaelnbach/,Haslehner
"Martinstraße 86, 1180 Wien","Martinstraße 86, 1180 Wien",https://www.haslehner.net/projekte/wohnen-4712-20-michaelnbach/,Haslehner
1180 WIEN,1180 WIEN,https://www.haslehner.net/projekte/wohnen-4712-20-michaelnbach/,Haslehner
"Moserstraße 25C, 5020 Salzburg","Moserstraße 25C, 5020 Salzburg",https://www.haslehner.net/projekte/wohnen-4712-20-michaelnbach/,Haslehner
5020 Salzburg,5020 Salzburg,https://www.haslehner.net/projekte/wohnen-4712-20-michaelnbach/,Haslehner
München Stockdorf,2131 München,https://www.haslehner.net/projekte/wohnen-4712-20-michaelnbach/,Haslehner
82131 München Stockdorf,2131 München,https://www.haslehner.net/projekte/wohnen-4712-20-michaelnbach/,Haslehner
"Conrad von Hötzendorf-Platz 3A, 2500 Baden","Conrad von Hötzendorf-Platz 3A, 2500 Baden",https://www.haslehner.net/projekte/wohnen-4712-20-michaelnbach/,Haslehner
2500 BADEN,2500 BADEN,https://www.haslehner.net/projekte/wohnen-4712-20-michaelnbach/,Haslehner
Käutzlgasse Salzburg,5020 Salzburg,https://www.haslehner.net/projekte/wohnen-4712-20-michaelnbach/,Haslehner
Wohnen für Generationen 4,4070 Pupping,https://www.haslehner.net/projekte/wohnen-4712-20-michaelnbach/,Haslehner
4070 Pupping/Eferding,4070 Pupping,https://www.haslehner.net/projekte/wohnen-4712-20-michaelnbach/,Haslehner
AGNES & LEOPOLD – Stadt Land Gut,3400 Klosterneuburg,https://www.haslehner.net/projekte/wohnen-4712-20-michaelnbach/,Haslehner
3400 Klosterneuburg,3400 Klosterneuburg,https://www.haslehner.net/projekte/wohnen-4712-20-michaelnbach/,Haslehner
Über uns,2019 HASLEHNER,https://www.haslehner.net/projekte/wohnen-4712-20-michaelnbach/,Haslehner
Kontakt,2019 HASLEHNER,https://www.haslehner.net/projekte/wohnen-4712-20-michaelnbach/,Haslehner
© COPYRIGHT 2019 HASLEHNER,2019 HASLEHNER,https://www.haslehner.net/projekte/wohnen-4712-20-michaelnbach/,Haslehner
Verfügbare Wohnungen,4702 Wallern,https://www.haslehner.net/projekte/w4-wallern-adt/,Haslehner
Lage,4702 Wallern,https://www.haslehner.net/projekte/w4-wallern-adt/,Haslehner
4702 Wallern an der Trattnach,4702 Wallern,https://www.haslehner.net/projekte/w4-wallern-adt/,Haslehner
Ihr Ansprechpartner:,0820 Anfragen,https://www.haslehner.net/projekte/w4-wallern-adt/,Haslehner
Ähnliche Projekte,"Rotenmühlgasse 56, 1120 Wien",https://www.haslehner.net/projekte/w4-wallern-adt/,Haslehner
Elementum Marchtrenk,"Rotenmühlgasse 56, 1120 Wien",https://www.haslehner.net/projekte/w4-wallern-adt/,Haslehner
Elementum Marchtrenk,4614 Marchtrenk,https://www.haslehner.net/projekte/w4-wallern-adt/,Haslehner
4614 Marchtrenk,4614 Marchtrenk,https://www.haslehner.net/projekte/w4-wallern-adt/,Haslehner
"Silberweiß 25, Amstetten",3300 Amstetten,https://www.haslehner.net/projekte/w4-wallern-adt/,Haslehner
3300 Amstetten,3300 Amstetten,https://www.haslehner.net/projekte/w4-wallern-adt/,Haslehner
"rmg56 - Rotenmühlgasse 56, 1120 Wien","Rotenmühlgasse 56, 1120 Wien",https://www.haslehner.net/projekte/w4-wallern-adt/,Haslehner
1120 Wien,1120 Wien,https://www.haslehner.net/projekte/w4-wallern-adt/,Haslehner
Ski & Panorama Living - Saalbach-Hinterglemm,5753 Saalbach-Hinterglemm,https://www.haslehner.net/projekte/w4-wallern-adt/,Haslehner
5753 Saalbach-Hinterglemm,5753 Saalbach-Hinterglemm,https://www.haslehner.net/projekte/w4-wallern-adt/,Haslehner
"Hüttelbergstraße 73, 1140 Wien","Hüttelbergstraße 73, 1140 Wien",https://www.haslehner.net/projekte/w4-wallern-adt/,Haslehner
1140 Wien,1140 Wien,https://www.haslehner.net/projekte/w4-wallern-adt/,Haslehner
"Martinstraße 86, 1180 Wien","Martinstraße 86, 1180 Wien",https://www.haslehner.net/projekte/w4-wallern-adt/,Haslehner
1180 WIEN,1180 WIEN,https://www.haslehner.net/projekte/w4-wallern-adt/,Haslehner
Wohnen 4712 2.0 - Michaelnbach,4712 Michaelnbach,https://www.haslehner.net/projekte/w4-wallern-adt/,Haslehner
4712 Michaelnbach,4712 Michaelnbach,https://www.haslehner.net/projekte/w4-wallern-adt/,Haslehner
"Moserstraße 25C, 5020 Salzburg","Moserstraße 25C, 5020 Salzburg",https://www.haslehner.net/projekte/w4-wallern-adt/,Haslehner
5020 Salzburg,5020 Salzburg,https://www.haslehner.net/projekte/w4-wallern-adt/,Haslehner
München Stockdorf,2131 München,https://www.haslehner.net/projekte/w4-wallern-adt/,Haslehner
82131 München Stockdorf,2131 München,https://www.haslehner.net/projekte/w4-wallern-adt/,Haslehner
"Conrad von Hötzendorf-Platz 3A, 2500 Baden","Conrad von Hötzendorf-Platz 3A, 2500 Baden",https://www.haslehner.net/projekte/w4-wallern-adt/,Haslehner
2500 BADEN,2500 BADEN,https://www.haslehner.net/projekte/w4-wallern-adt/,Haslehner
Käutzlgasse Salzburg,5020 Salzburg,https://www.haslehner.net/projekte/w4-wallern-adt/,Haslehner
Wohnen für Generationen 4,4070 Pupping,https://www.haslehner.net/projekte/w4-wallern-adt/,Haslehner
4070 Pupping/Eferding,4070 Pupping,https://www.haslehner.net/projekte/w4-wallern-adt/,Haslehner
AGNES & LEOPOLD – Stadt Land Gut,3400 Klosterneuburg,https://www.haslehner.net/projekte/w4-wallern-adt/,Haslehner
3400 Klosterneuburg,3400 Klosterneuburg,https://www.haslehner.net/projekte/w4-wallern-adt/,Haslehner
Über uns,2019 HASLEHNER,https://www.haslehner.net/projekte/w4-wallern-adt/,Haslehner
Kontakt,2019 HASLEHNER,https://www.haslehner.net/projekte/w4-wallern-adt/,Haslehner
© COPYRIGHT 2019 HASLEHNER,2019 HASLEHNER,https://www.haslehner.net/projekte/w4-wallern-adt/,Haslehner
Verfügbare Wohnungen,5753 Saalbach-Hinterglemm,https://www.haslehner.net/projekte/ski-panorama-living-saalbach-hinterglemm/,Haslehner
Lage,5753 Saalbach-Hinterglemm,https://www.haslehner.net/projekte/ski-panorama-living-saalbach-hinterglemm/,Haslehner
5753 Saalbach-Hinterglemm,5753 Saalbach-Hinterglemm,https://www.haslehner.net/projekte/ski-panorama-living-saalbach-hinterglemm/,Haslehner
Ihr Ansprechpartner:,0820 Anfragen,https://www.haslehner.net/projekte/ski-panorama-living-saalbach-hinterglemm/,Haslehner
Baubegin:,2025 Fertigstellung,https://www.haslehner.net/projekte/ski-panorama-living-saalbach-hinterglemm/,Haslehner
Ähnliche Projekte,"Rotenmühlgasse 56, 1120 Wien",https://www.haslehner.net/projekte/ski-panorama-living-saalbach-hinterglemm/,Haslehner
Elementum Marchtrenk,"Rotenmühlgasse 56, 1120 Wien",https://www.haslehner.net/projekte/ski-panorama-living-saalbach-hinterglemm/,Haslehner
Elementum Marchtrenk,4614 Marchtrenk,https://www.haslehner.net/projekte/ski-panorama-living-saalbach-hinterglemm/,Haslehner
4614 Marchtrenk,4614 Marchtrenk,https://www.haslehner.net/projekte/ski-panorama-living-saalbach-hinterglemm/,Haslehner
"Silberweiß 25, Amstetten",3300 Amstetten,https://www.haslehner.net/projekte/ski-panorama-living-saalbach-hinterglemm/,Haslehner
3300 Amstetten,3300 Amstetten,https://www.haslehner.net/projekte/ski-panorama-living-saalbach-hinterglemm/,Haslehner
"rmg56 - Rotenmühlgasse 56, 1120 Wien","Rotenmühlgasse 56, 1120 Wien",https://www.haslehner.net/projekte/ski-panorama-living-saalbach-hinterglemm/,Haslehner
1120 Wien,1120 Wien,https://www.haslehner.net/projekte/ski-panorama-living-saalbach-hinterglemm/,Haslehner
"Hüttelbergstraße 73, 1140 Wien","Hüttelbergstraße 73, 1140 Wien",https://www.haslehner.net/projekte/ski-panorama-living-saalbach-hinterglemm/,Haslehner
1140 Wien,1140 Wien,https://www.haslehner.net/projekte/ski-panorama-living-saalbach-hinterglemm/,Haslehner
W4 Wallern a.d.T.,4702 Wallern,https://www.haslehner.net/projekte/ski-panorama-living-saalbach-hinterglemm/,Haslehner
4702 Wallern an der Trattnach,4702 Wallern,https://www.haslehner.net/projekte/ski-panorama-living-saalbach-hinterglemm/,Haslehner
"Martinstraße 86, 1180 Wien","Martinstraße 86, 1180 Wien",https://www.haslehner.net/projekte/ski-panorama-living-saalbach-hinterglemm/,Haslehner
1180 WIEN,1180 WIEN,https://www.haslehner.net/projekte/ski-panorama-living-saalbach-hinterglemm/,Haslehner
Wohnen 4712 2.0 - Michaelnbach,4712 Michaelnbach,https://www.haslehner.net/projekte/ski-panorama-living-saalbach-hinterglemm/,Haslehner
4712 Michaelnbach,4712 Michaelnbach,https://www.haslehner.net/projekte/ski-panorama-living-saalbach-hinterglemm/,Haslehner
"Moserstraße 25C, 5020 Salzburg","Moserstraße 25C, 5020 Salzburg",https://www.haslehner.net/projekte/ski-panorama-living-saalbach-hinterglemm/,Haslehner
5020 Salzburg,5020 Salzburg,https://www.haslehner.net/projekte/ski-panorama-living-saalbach-hinterglemm/,Haslehner
München Stockdorf,2131 München,https://www.haslehner.net/projekte/ski-panorama-living-saalbach-hinterglemm/,Haslehner
82131 München Stockdorf,2131 München,https://www.haslehner.net/projekte/ski-panorama-living-saalbach-hinterglemm/,Haslehner
"Conrad von Hötzendorf-Platz 3A, 2500 Baden","Conrad von Hötzendorf-Platz 3A, 2500 Baden",https://www.haslehner.net/projekte/ski-panorama-living-saalbach-hinterglemm/,Haslehner
2500 BADEN,2500 BADEN,https://www.haslehner.net/projekte/ski-panorama-living-saalbach-hinterglemm/,Haslehner
Käutzlgasse Salzburg,5020 Salzburg,https://www.haslehner.net/projekte/ski-panorama-living-saalbach-hinterglemm/,Haslehner
Wohnen für Generationen 4,4070 Pupping,https://www.haslehner.net/projekte/ski-panorama-living-saalbach-hinterglemm/,Haslehner
4070 Pupping/Eferding,4070 Pupping,https://www.haslehner.net/projekte/ski-panorama-living-saalbach-hinterglemm/,Haslehner
AGNES & LEOPOLD – Stadt Land Gut,3400 Klosterneuburg,https://www.haslehner.net/projekte/ski-panorama-living-saalbach-hinterglemm/,Haslehner
3400 Klosterneuburg,3400 Klosterneuburg,https://www.haslehner.net/projekte/ski-panorama-living-saalbach-hinterglemm/,Haslehner
Über uns,2019 HASLEHNER,https://www.haslehner.net/projekte/ski-panorama-living-saalbach-hinterglemm/,Haslehner
Kontakt,2019 HASLEHNER,https://www.haslehner.net/projekte/ski-panorama-living-saalbach-hinterglemm/,Haslehner
© COPYRIGHT 2019 HASLEHNER,2019 HASLEHNER,https://www.haslehner.net/projekte/ski-panorama-living-saalbach-hinterglemm/,Haslehner
Verfügbare Wohnungen,4070 Pupping,https://www.haslehner.net/projekte/wohnen-fuer-generationen-4/,Haslehner
Lage,4070 Pupping,https://www.haslehner.net/projekte/wohnen-fuer-generationen-4/,Haslehner
4070 Pupping/Eferding,4070 Pupping,https://www.haslehner.net/projekte/wohnen-fuer-generationen-4/,Haslehner
Ihr Ansprechpartner:,0820 Anfragen,https://www.haslehner.net/projekte/wohnen-fuer-generationen-4/,Haslehner
Fertigstellung:,2024 HWB,https://www.haslehner.net/projekte/wohnen-fuer-generationen-4/,Haslehner
Ähnliche Projekte,"Rotenmühlgasse 56, 1120 Wien",https://www.haslehner.net/projekte/wohnen-fuer-generationen-4/,Haslehner
Elementum Marchtrenk,"Rotenmühlgasse 56, 1120 Wien",https://www.haslehner.net/projekte/wohnen-fuer-generationen-4/,Haslehner
Elementum Marchtrenk,4614 Marchtrenk,https://www.haslehner.net/projekte/wohnen-fuer-generationen-4/,Haslehner
4614 Marchtrenk,4614 Marchtrenk,https://www.haslehner.net/projekte/wohnen-fuer-generationen-4/,Haslehner
"Silberweiß 25, Amstetten",3300 Amstetten,https://www.haslehner.net/projekte/wohnen-fuer-generationen-4/,Haslehner
3300 Amstetten,3300 Amstetten,https://www.haslehner.net/projekte/wohnen-fuer-generationen-4/,Haslehner
"rmg56 - Rotenmühlgasse 56, 1120 Wien","Rotenmühlgasse 56, 1120 Wien",https://www.haslehner.net/projekte/wohnen-fuer-generationen-4/,Haslehner
1120 Wien,1120 Wien,https://www.haslehner.net/projekte/wohnen-fuer-generationen-4/,Haslehner
Ski & Panorama Living - Saalbach-Hinterglemm,5753 Saalbach-Hinterglemm,https://www.haslehner.net/projekte/wohnen-fuer-generationen-4/,Haslehner
5753 Saalbach-Hinterglemm,5753 Saalbach-Hinterglemm,https://www.haslehner.net/projekte/wohnen-fuer-generationen-4/,Haslehner
"Hüttelbergstraße 73, 1140 Wien","Hüttelbergstraße 73, 1140 Wien",https://www.haslehner.net/projekte/wohnen-fuer-generationen-4/,Haslehner
1140 Wien,1140 Wien,https://www.haslehner.net/projekte/wohnen-fuer-generationen-4/,Haslehner
W4 Wallern a.d.T.,4702 Wallern,https://www.haslehner.net/projekte/wohnen-fuer-generationen-4/,Haslehner
4702 Wallern an der Trattnach,4702 Wallern,https://www.haslehner.net/projekte/wohnen-fuer-generationen-4/,Haslehner
"Martinstraße 86, 1180 Wien","Martinstraße 86, 1180 Wien",https://www.haslehner.net/projekte/wohnen-fuer-generationen-4/,Haslehner
1180 WIEN,1180 WIEN,https://www.haslehner.net/projekte/wohnen-fuer-generationen-4/,Haslehner
Wohnen 4712 2.0 - Michaelnbach,4712 Michaelnbach,https://www.haslehner.net/projekte/wohnen-fuer-generationen-4/,Haslehner
4712 Michaelnbach,4712 Michaelnbach,https://www.haslehner.net/projekte/wohnen-fuer-generationen-4/,Haslehner
"Moserstraße 25C, 5020 Salzburg","Moserstraße 25C, 5020 Salzburg",https://www.haslehner.net/projekte/wohnen-fuer-generationen-4/,Haslehner
5020 Salzburg,5020 Salzburg,https://www.haslehner.net/projekte/wohnen-fuer-generationen-4/,Haslehner
München Stockdorf,2131 München,https://www.haslehner.net/projekte/wohnen-fuer-generationen-4/,Haslehner
82131 München Stockdorf,2131 München,https://www.haslehner.net/projekte/wohnen-fuer-generationen-4/,Haslehner
"Conrad von Hötzendorf-Platz 3A, 2500 Baden","Conrad von Hötzendorf-Platz 3A, 2500 Baden",https://www.haslehner.net/projekte/wohnen-fuer-generationen-4/,Haslehner
2500 BADEN,2500 BADEN,https://www.haslehner.net/projekte/wohnen-fuer-generationen-4/,Haslehner
Käutzlgasse Salzburg,5020 Salzburg,https://www.haslehner.net/projekte/wohnen-fuer-generationen-4/,Haslehner
AGNES & LEOPOLD – Stadt Land Gut,3400 Klosterneuburg,https://www.haslehner.net/projekte/wohnen-fuer-generationen-4/,Haslehner
3400 Klosterneuburg,3400 Klosterneuburg,https://www.haslehner.net/projekte/wohnen-fuer-generationen-4/,Haslehner
Über uns,2019 HASLEHNER,https://www.haslehner.net/projekte/wohnen-fuer-generationen-4/,Haslehner
Kontakt,2019 HASLEHNER,https://www.haslehner.net/projekte/wohnen-fuer-generationen-4/,Haslehner
© COPYRIGHT 2019 HASLEHNER,2019 HASLEHNER,https://www.haslehner.net/projekte/wohnen-fuer-generationen-4/,Haslehner
